{
	"info": {
		"_postman_id": "740da470-4850-4c25-9992-009494a1654c",
		"name": "Collection 1",
		"schema": "https://schema.getpostman.com/json/collection/v2.1.0/collection.json"
	},
	"item": [
		{
			"name": "UsersAPI",
			"item": [
				{
					"name": "Add User",
					"request": {
						"method": "POST",
						"header": [],
						"body": {
							"mode": "formdata",
							"formdata": [
								{
									"key": "image",
									"type": "file",
									"src": []
								}
							],
							"options": {
								"raw": {
									"language": "json"
								}
							}
						},
						"url": {
							"raw": "http://localhost:5000/api/addUser",
							"protocol": "http",
							"host": [
								"localhost"
							],
							"port": "5000",
							"path": [
								"api",
								"addUser"
							]
						}
					},
					"response": []
				},
				{
					"name": "get_All_user",
					"request": {
						"method": "GET",
						"header": [],
						"url": {
							"raw": "localhost:3000/api/users",
							"host": [
								"localhost"
							],
							"port": "3000",
							"path": [
								"api",
								"users"
							]
						}
					},
					"response": []
				},
				{
					"name": "Get User by Id",
					"request": {
						"method": "GET",
						"header": [],
						"url": null
					},
					"response": []
				}
			]
		},
		{
			"name": "ProductAPI",
			"item": [
				{
					"name": "get all products",
					"request": {
						"method": "GET",
						"header": [],
						"url": null
					},
					"response": []
				},
				{
					"name": "get product by id",
					"request": {
						"method": "GET",
						"header": [],
						"url": null
					},
					"response": []
				},
				{
					"name": "add a product",
					"request": {
						"method": "GET",
						"header": [],
						"url": null
					},
					"response": []
				},
				{
					"name": "update a product",
					"request": {
						"method": "GET",
						"header": [],
						"url": null
					},
					"response": []
				},
				{
					"name": "delete a product",
					"request": {
						"method": "GET",
						"header": [],
						"url": null
					},
					"response": []
				}
			]
		},
		{
			"name": "order",
			"item": [
				{
					"name": "add order",
					"request": {
						"method": "POST",
						"header": [],
						"body": {
							"mode": "raw",
							"raw": "{\r\n    \"username\":\"Ahmed\",\r\n    \"productname\":\"pent\",\r\n    \"quantity\":3\r\n}",
							"options": {
								"raw": {
									"language": "json"
								}
							}
						},
						"url": {
							"raw": "localhost:3000/api/order",
							"host": [
								"localhost"
							],
							"port": "3000",
							"path": [
								"api",
								"order"
							]
						}
					},
					"response": []
				},
				{
					"name": "get all order",
					"request": {
						"method": "GET",
						"header": [],
						"url": null
					},
					"response": []
				},
				{
					"name": "get order by id",
					"request": {
						"method": "GET",
						"header": [],
						"url": null
					},
					"response": []
				},
				{
					"name": "update  order",
					"request": {
						"method": "GET",
						"header": [],
						"url": null
					},
					"response": []
				},
				{
					"name": "delete order",
					"request": {
						"method": "GET",
						"header": [],
						"url": null
					},
					"response": []
				}
			]
		}
	]
}